image,Irregularity,Disorganized,Asymmetry,Chaotic,Randomness,Variability,Multicolored,Heterogeneity,Grainy,Isotropy,Cluttered,Ambiguity,Intricate
0.jpg,0.4366638,0.8856186,0.817015,0.7828867,0.56999433,0.79558027,0.1254606,0.23953117,0.00038174324,0.40795726,0.44449788,0.30168298,0.0244621
1.jpg,0.57066154,0.63392854,0.6479373,0.78739333,0.21035875,0.534287,0.13859735,0.15241341,0.004316563,0.46081558,0.056458812,0.2517332,0.07208311
2.jpg,0.35704565,0.90242743,0.96130335,0.36567277,0.21937849,0.61053306,0.04500279,0.41001,0.00041346444,0.48029587,0.5200841,0.52932256,0.016340727
3.jpg,0.38659337,0.9448618,0.46556923,0.802154,0.51409537,0.25030258,0.033428803,0.40176642,0.018814884,0.37611836,0.3051501,0.23191833,0.0061588003
4.jpg,0.26167074,0.90622854,0.9773064,0.5426403,0.34144565,0.3394272,0.04535258,0.16713808,0.00011983637,0.20542537,0.34481153,0.44412,0.014010067
5.jpg,0.5399753,0.8091983,0.8208201,0.6731737,0.5966408,0.7038923,0.44274825,0.7331846,0.00026947504,0.7250846,0.6647756,0.22853796,0.07439673
6.jpg,0.5966356,0.94426006,0.55384725,0.62816197,0.16308028,0.35836202,0.040334623,0.33128092,0.009449635,0.59603155,0.16290359,0.6677226,0.72262853
7.jpg,0.54341894,0.82970905,0.9364221,0.807008,0.14662378,0.3686154,0.026952092,0.27834472,0.002947593,0.46393472,0.092609525,0.36563453,0.19717921
8.jpg,0.5673065,0.89372087,0.8898148,0.84258544,0.24999973,0.30456924,0.26674512,0.167529,0.015123227,0.5488797,0.6465787,0.9046828,0.009675331
9.jpg,0.58548605,0.65448684,0.9197513,0.8184098,0.33439967,0.8490778,0.24814503,0.2177523,0.16215523,0.5997931,0.05721802,0.7492403,0.5624389
10.jpg,0.698507,0.9623625,0.9843126,0.9165643,0.14904617,0.528147,0.004927628,0.5685042,0.13047378,0.53445613,0.3884628,0.7145209,0.058364023
11.jpg,0.6569962,0.43189678,0.9066912,0.94671094,0.19386253,0.33358082,0.03398039,0.5445756,0.00013846873,0.590407,0.6085227,0.528916,0.43789884
12.jpg,0.5886497,0.8697294,0.96239054,0.49797034,0.17415474,0.87152624,0.10819364,0.45723706,0.35118246,0.5203228,0.17190112,0.321455,0.37719938
13.jpg,0.61914146,0.94424653,0.957055,0.93955815,0.11187811,0.7498113,0.10515965,0.28040773,0.13250463,0.5567945,0.2449176,0.4821805,0.18474354
14.jpg,0.6290659,0.9381443,0.9216562,0.95539546,0.26362202,0.48020327,0.020926742,0.395167,0.5034782,0.57952267,0.32425255,0.69083124,0.42865446
15.jpg,0.6282462,0.9664425,0.9384002,0.9764826,0.21711487,0.70053,0.0356902,0.32513687,0.096228905,0.67672986,0.5663638,0.30219397,0.3140105
16.jpg,0.594488,0.88639617,0.9125402,0.9566927,0.20350125,0.57523805,0.16961451,0.54577893,0.05624052,0.6131508,0.7738282,0.700552,0.48667938
17.jpg,0.6777984,0.91002613,0.9689104,0.9910608,0.412511,0.21293923,0.12036882,0.36297604,0.023090921,0.51696604,0.4628282,0.878295,0.1106637
18.jpg,0.59965545,0.96520597,0.9665591,0.6157393,0.18259543,0.29212752,0.022186123,0.36433437,0.056444384,0.58117515,0.94886416,0.9606656,0.018756486
19.jpg,0.63359797,0.9446392,0.98567283,0.94314784,0.32445192,0.5592395,0.062052704,0.26397017,0.0389089,0.64647764,0.6344303,0.82158077,0.10113808
20.jpg,0.47063372,0.9648293,0.96632594,0.8918646,0.116208784,0.5898167,0.017708384,0.35019347,0.062066358,0.6367688,0.25873074,0.807961,0.089652345
21.jpg,0.4759662,0.9668942,0.88343596,0.9819018,0.23497635,0.6328055,0.081566826,0.37689164,0.23579422,0.5283076,0.362133,0.3174748,0.161654
22.jpg,0.63021123,0.8771679,0.94344497,0.97969383,0.20652577,0.35921088,0.009760021,0.7167083,0.10113994,0.5537931,0.8037245,0.6783166,0.29642707
23.jpg,0.6731879,0.9703132,0.9570422,0.99738055,0.3095161,0.31132665,0.18450578,0.2770982,0.15202178,0.48819858,0.8201961,0.41252208,0.90020066
24.jpg,0.6854835,0.91297054,0.9198026,0.9097875,0.19239113,0.87196565,0.1293297,0.15379165,0.06171931,0.4035653,0.26740947,0.095351934,0.53046787
25.jpg,0.48497653,0.9199286,0.911463,0.9738815,0.24807386,0.3787173,0.067526095,0.3905496,0.8320607,0.5923355,0.81557214,0.8341958,0.5374229
26.jpg,0.48296538,0.94526696,0.939951,0.94525886,0.25108224,0.31444824,0.1051513,0.58979625,0.5255881,0.6216831,0.8306571,0.8167354,0.40351337
27.jpg,0.57929814,0.94340336,0.91636366,0.98563355,0.2464021,0.2720461,0.23857634,0.252013,0.3449568,0.6819264,0.84316456,0.8191193,0.25101963
28.jpg,0.65775037,0.9509011,0.90622085,0.8961431,0.37126085,0.3245232,0.1305569,0.32649997,0.52160823,0.49286273,0.28725168,0.62995917,0.35804984
29.jpg,0.43508282,0.8271536,0.5874063,0.78599054,0.11086029,0.6698458,0.017278949,0.7052847,0.7766416,0.73823285,0.6349506,0.8811466,0.94271713
30.jpg,0.8800672,0.9579979,0.49979377,0.29758894,0.642255,0.69358647,0.026268616,0.21421392,0.012065858,0.8803755,0.16415735,0.79833865,0.9765718
31.jpg,0.47636768,0.7959767,0.1368003,0.95014256,0.53295857,0.88057,0.1553676,0.40766728,0.019322112,0.377121,0.79890597,0.341329,0.68450236
32.jpg,0.44068763,0.95906055,0.94113463,0.8847541,0.2974849,0.40452835,0.1929391,0.6415829,0.047950894,0.59275246,0.43885115,0.613548,0.21335398
33.jpg,0.5876547,0.8890775,0.83901393,0.41088253,0.44041473,0.599045,0.28874788,0.4492126,0.8557967,0.6007713,0.6926079,0.6023298,0.8305042
34.jpg,0.66048276,0.9693442,0.845454,0.993389,0.27562547,0.48722303,0.020426748,0.6154938,0.03870233,0.6783365,0.89375705,0.7159142,0.4060512
35.jpg,0.5850801,0.91969085,0.82378,0.6614438,0.041020818,0.67563003,0.00993323,0.35390908,0.010696225,0.51438075,0.21206053,0.73515934,0.15547025
36.jpg,0.8168194,0.9821769,0.9186572,0.87348557,0.13978535,0.5610687,0.0050431956,0.50522333,0.0032304802,0.5100849,0.8675659,0.77791107,0.71257925
37.jpg,0.6130877,0.9084576,0.8646897,0.9877467,0.4211726,0.3242536,0.033266626,0.4961792,0.10514022,0.5515875,0.34920064,0.61253804,0.21948305
38.jpg,0.6846866,0.85835004,0.7306774,0.9706552,0.5762237,0.40560645,0.12425886,0.41769058,0.28389588,0.68564326,0.39941788,0.41884443,0.53359705
39.jpg,0.5177933,0.964237,0.98325056,0.96035624,0.29985967,0.7368568,0.07156819,0.27348855,0.13564745,0.59991187,0.23256128,0.35130456,0.039174885
40.jpg,0.5521766,0.9212124,0.9671136,0.9916536,0.30009338,0.5023556,0.060835436,0.5224589,0.23540445,0.47100937,0.43242684,0.24743383,0.37211207
41.jpg,0.5684619,0.8020599,0.71286917,0.5128005,0.14608487,0.6039019,0.28198764,0.15901211,0.027270393,0.4679455,0.2982969,0.3974596,0.7734947
42.jpg,0.5745686,0.8369771,0.51497865,0.9671162,0.46444446,0.42789438,0.31285405,0.36773777,0.08361975,0.44544828,0.058355056,0.58804244,0.9312493
43.jpg,0.5626278,0.97199667,0.7430774,0.89742947,0.2990982,0.58518285,0.04649091,0.34019938,0.39603284,0.43745428,0.4057741,0.47771263,0.7161858
44.jpg,0.73479337,0.7069936,0.44397354,0.9339506,0.5494744,0.52848923,0.37895948,0.18716633,0.32003674,0.58247274,0.16638538,0.4790005,0.75590926
45.jpg,0.5658822,0.9030103,0.9777052,0.95625335,0.27831194,0.7707353,0.20575652,0.29002932,0.15918778,0.61775094,0.2685087,0.42305014,0.26796752
46.jpg,0.505452,0.8250615,0.95345354,0.63726187,0.07498997,0.7623249,0.16186613,0.44920337,0.006892767,0.5240196,0.15110669,0.6036948,0.34125012
47.jpg,0.6046301,0.94256383,0.93564534,0.95616686,0.6101931,0.43531957,0.18830022,0.7396711,0.46125895,0.63442475,0.55533373,0.8944879,0.10546822
48.jpg,0.6864963,0.68446916,0.8872838,0.9715915,0.5039991,0.2932922,0.046867423,0.5518872,0.25619996,0.5190799,0.7783528,0.70664746,0.5924704
49.jpg,0.49648124,0.9523186,0.9652722,0.65302724,0.11213552,0.81091505,0.024538035,0.26889625,0.4709752,0.47078866,0.8266798,0.08867669,0.16516423
50.jpg,0.52757704,0.9168101,0.8779432,0.6822377,0.10855506,0.7367895,0.1265201,0.7031742,0.032004707,0.7745206,0.8314397,0.96475804,0.27682167
51.jpg,0.5190985,0.94263977,0.8552156,0.121223055,0.073150754,0.7668032,0.02708326,0.6370599,0.18006259,0.7616832,0.80399764,0.83372396,0.14805093
52.jpg,0.735226,0.9913564,0.8795262,0.9949058,0.49355736,0.350802,0.03683803,0.46867877,0.121977925,0.5737538,0.7391539,0.85184157,0.84108394
53.jpg,0.5136123,0.93754405,0.6962363,0.035912775,0.6042573,0.59884614,0.003948042,0.15287091,0.26196563,0.4331615,0.17717671,0.63396055,0.12535453
54.jpg,0.6430084,0.8976631,0.8616051,0.9732549,0.42567727,0.39453945,0.033494193,0.28924915,0.5256884,0.40053913,0.24783558,0.4892347,0.381281
55.jpg,0.6444072,0.9808554,0.76219803,0.9965899,0.3036707,0.3697212,0.033749707,0.35063982,0.15108272,0.39837995,0.67421955,0.6215229,0.95985085
56.jpg,0.7582037,0.9449674,0.81942075,0.98811555,0.22900033,0.3792825,0.0017753484,0.46777004,0.11499887,0.46430284,0.60682344,0.9564506,0.5966388
57.jpg,0.59143776,0.97952783,0.9385687,0.9651136,0.10311761,0.4551061,0.0061111823,0.28163207,0.6925874,0.3825863,0.8825468,0.5788193,0.3354331
58.jpg,0.65553224,0.9706919,0.8889079,0.9780381,0.2698285,0.3630499,0.039728355,0.440101,0.20434856,0.56443757,0.7970345,0.65515953,0.5395194
59.jpg,0.621841,0.964527,0.94732285,0.9699364,0.5340428,0.23278655,0.08161985,0.64574915,0.039874505,0.6181956,0.6186511,0.7500439,0.24967961
60.jpg,0.4956721,0.93845236,0.6093891,0.9957516,0.5128703,0.61075956,0.07648849,0.20316416,0.07945264,0.557511,0.54881096,0.64497405,0.9360269
61.jpg,0.6526949,0.929878,0.8563593,0.9972811,0.5440487,0.3299449,0.08556285,0.10158527,0.027624259,0.4795165,0.3878452,0.31167766,0.92436993
62.jpg,0.63391036,0.9588633,0.7995766,0.9711661,0.38191047,0.4229152,0.033938058,0.24644282,0.029162113,0.56777865,0.49921513,0.3841793,0.7348389
63.jpg,0.5590411,0.91468966,0.9785406,0.9353657,0.16601759,0.37878957,0.0869796,0.24900024,0.014243179,0.49379307,0.52265924,0.72088397,0.14028367
64.jpg,0.47195306,0.9293932,0.9290372,0.8998408,0.14547256,0.6555288,0.03546474,0.36924642,0.28235152,0.44028053,0.38126454,0.5603191,0.8109108
65.jpg,0.57293797,0.9146748,0.87320584,0.9547982,0.2678362,0.5241435,0.15226465,0.19140707,0.37037697,0.5682188,0.47737145,0.60582066,0.7722009
66.jpg,0.60978246,0.9717534,0.9252592,0.847215,0.1469765,0.4058095,0.09363534,0.63310194,0.32541585,0.55150014,0.3228643,0.63102674,0.93434674
67.jpg,0.5475869,0.9474452,0.8339338,0.9853736,0.26477718,0.5171649,0.07393261,0.27896005,0.26033926,0.4104971,0.6047581,0.36929908,0.93585634
68.jpg,0.61787206,0.94517004,0.80815583,0.99774337,0.074904546,0.7831622,0.08834439,0.24157168,0.2730114,0.76941663,0.7884291,0.54061717,0.8963106
69.jpg,0.65844387,0.39042884,0.19158262,0.9918425,0.40092754,0.34864318,0.37252796,0.2597145,0.55322576,0.5827584,0.75423753,0.50396603,0.96991235
70.jpg,0.54993474,0.82363147,0.8140467,0.9902817,0.27824092,0.6070796,0.13843212,0.34352753,0.21744624,0.51110274,0.3686498,0.5786298,0.9252701
71.jpg,0.5767671,0.9800555,0.94746554,0.8286945,0.21157762,0.4740303,0.015949637,0.38182625,0.18272613,0.71676683,0.36095703,0.7450897,0.090499245
72.jpg,0.64281553,0.77910936,0.94621325,0.90838337,0.13444075,0.9605181,0.008438641,0.6778915,0.010156404,0.66382605,0.80794096,0.86607426,0.042739637
73.jpg,0.56296504,0.6378337,0.9366991,0.31405035,0.4809641,0.7467563,0.03618981,0.3065668,0.0069095255,0.51002157,0.9836811,0.54273736,0.20440827
74.jpg,0.42815706,0.87391275,0.9440543,0.6584014,0.07292187,0.8385756,0.0051767305,0.52959317,0.032313153,0.564942,0.38657367,0.941896,0.0106978845
75.jpg,0.50788146,0.9664805,0.91526455,0.6921909,0.21502218,0.3382756,0.1559989,0.26499,0.39408752,0.7116558,0.34604433,0.8175217,0.15117888
76.jpg,0.46732846,0.95471597,0.8702882,0.94657177,0.40438363,0.38431332,0.028443832,0.13895284,0.50223064,0.6536863,0.45500422,0.3164427,0.24473228
77.jpg,0.5672152,0.8970599,0.5315632,0.9119404,0.3909283,0.62814415,0.10347202,0.28450185,0.7498393,0.4391208,0.5786737,0.51799977,0.017338986
78.jpg,0.6764753,0.9718531,0.8798846,0.773262,0.120107844,0.70335853,0.027605066,0.2193669,0.01750398,0.43255654,0.4560925,0.051989064,0.7328386
79.jpg,0.56200653,0.9575171,0.916424,0.9170076,0.3305379,0.5106779,0.023526097,0.27980024,0.10355228,0.5235983,0.36971146,0.45169872,0.119888
80.jpg,0.7145557,0.86366296,0.3482948,0.81072384,0.32080966,0.6074583,0.40986466,0.32532418,0.10069488,0.49290133,0.56041336,0.6570532,0.95858425
81.jpg,0.631737,0.9812051,0.94067895,0.54365057,0.14796121,0.6602693,0.54281336,0.34027278,0.65090644,0.63943714,0.1643422,0.28780144,0.50861275
82.jpg,0.6528723,0.95635056,0.8432049,0.94032156,0.16799967,0.37533522,0.011424449,0.37768212,0.29634652,0.41729605,0.36866158,0.3676498,0.9273922
83.jpg,0.58106583,0.96184975,0.9429188,0.13600145,0.4107385,0.27713394,0.0011836676,0.27488825,0.11266558,0.5150604,0.42718735,0.8436242,0.2577979
84.jpg,0.59474003,0.9519019,0.99172103,0.34984416,0.46069854,0.5859899,0.034222767,0.49897507,0.066036426,0.6139138,0.29980782,0.78802204,0.12277443
85.jpg,0.6469551,0.9772863,0.81987613,0.43494874,0.41273516,0.48128003,0.097722635,0.3438814,0.052644107,0.5629324,0.8061791,0.7603345,0.86340445
86.jpg,0.73046994,0.9166327,0.65700454,0.7866191,0.23058984,0.6318406,0.029157497,0.58406085,0.014106714,0.48354122,0.20395067,0.8445319,0.9902756
87.jpg,0.50183773,0.9862244,0.8053365,0.36644804,0.17892003,0.6486898,0.012547698,0.55647063,0.008211223,0.52307326,0.9322758,0.8446928,0.59885436
88.jpg,0.5679291,0.7358394,0.78713155,0.06186774,0.25934833,0.48682472,0.012934017,0.19134995,0.049600843,0.5093351,0.43170023,0.7693929,0.2620361
89.jpg,0.4296023,0.8972729,0.9793962,0.91428304,0.47426686,0.8164996,0.2398202,0.121050544,0.0148792695,0.38728088,0.05895977,0.14890085,0.47408557
90.jpg,0.61632377,0.9600296,0.98487604,0.916299,0.23289081,0.68854284,0.0052211364,0.30806682,0.008075312,0.5481404,0.9016273,0.60675424,0.35426462
91.jpg,0.5874608,0.8461963,0.8687615,0.8714101,0.28594625,0.4861326,0.3243098,0.35394332,0.019403845,0.73370165,0.76184124,0.9047862,0.45768276
92.jpg,0.537094,0.9509744,0.72052246,0.8793803,0.1371131,0.40571705,0.04619772,0.6115918,0.0014511262,0.63597834,0.39770243,0.79573953,0.683554
93.jpg,0.7032853,0.9395308,0.72774273,0.94983345,0.34147826,0.5082302,0.03105868,0.6754174,0.011756512,0.63951665,0.37574807,0.82582724,0.32249287
94.jpg,0.6310838,0.9344684,0.6015497,0.97355837,0.45768774,0.5273203,0.07047359,0.3654056,0.13481441,0.7626832,0.70698327,0.9224281,0.5070174
95.jpg,0.66226894,0.9569443,0.9317632,0.81941164,0.1825738,0.5570049,0.008342734,0.65527576,0.007945223,0.5964185,0.21266733,0.86078674,0.5557364
96.jpg,0.57359374,0.96118605,0.9380238,0.9135591,0.17578085,0.6058872,0.09990717,0.30133715,0.37466222,0.49162632,0.44365528,0.34594053,0.6301459
97.jpg,0.56900954,0.90010405,0.9300042,0.9882536,0.72059107,0.699478,0.4859139,0.42652407,0.06510258,0.66538846,0.6831858,0.7148944,0.07490679
98.jpg,0.5399013,0.9473805,0.9141219,0.7447459,0.37794146,0.5980294,0.44614145,0.5330127,0.8114324,0.6534075,0.4654684,0.8743115,0.062151294
99.jpg,0.52659976,0.93114823,0.93394685,0.9504185,0.1793229,0.7725876,0.11126393,0.14214547,0.044369016,0.4642829,0.45548317,0.16033342,0.6567856
100.jpg,0.5617199,0.92182595,0.960244,0.9535913,0.09282758,0.8469989,0.04273343,0.25078338,0.019736232,0.46167207,0.21696252,0.18201867,0.6038627
101.jpg,0.57016516,0.90685695,0.8593633,0.9861866,0.75138354,0.622226,0.30058396,0.5196494,0.039977483,0.49239504,0.607943,0.48117837,0.412922
102.jpg,0.5628634,0.9440745,0.98603034,0.991067,0.122661896,0.619266,0.043182597,0.29571968,0.0012718865,0.4738876,0.060902163,0.14385238,0.42222846
103.jpg,0.51059157,0.8991799,0.9537076,0.9282488,0.08567102,0.8182898,0.061916355,0.19537152,0.048363693,0.3950683,0.2453731,0.07405199,0.5674056
104.jpg,0.63031346,0.66830486,0.6509234,0.999042,0.7344336,0.6896666,0.59246564,0.33337075,0.015477077,0.40695173,0.37336496,0.3977328,0.24143507
105.jpg,0.7077384,0.8792725,0.8220413,0.93968487,0.28787026,0.55810636,0.28336522,0.50665647,0.055698264,0.49690703,0.6645114,0.7552935,0.68643343
106.jpg,0.54179996,0.9561592,0.97423095,0.9383876,0.1332704,0.6493445,0.11770715,0.5751216,0.0065561505,0.49292776,0.28934562,0.38800055,0.13685818
107.jpg,0.656076,0.9314864,0.93200636,0.8995206,0.5627552,0.30595082,0.080645904,0.31388828,0.07772031,0.4959148,0.76296073,0.833752,0.25899383
108.jpg,0.65128815,0.9498772,0.94062877,0.94761646,0.35494098,0.7195751,0.001869891,0.35737458,0.048823267,0.5631468,0.7754599,0.8143262,0.1645213
109.jpg,0.545913,0.97585154,0.93290645,0.7176175,0.14233643,0.3911745,0.049537808,0.27710623,0.49767566,0.44238806,0.2133503,0.47699672,0.25052688
110.jpg,0.59665465,0.9858087,0.9603901,0.93731076,0.11885372,0.44151592,0.0137793245,0.40480176,0.3456057,0.63706434,0.42234176,0.4460281,0.469683
111.jpg,0.44360396,0.9049753,0.929992,0.89232206,0.18508232,0.554703,0.027963186,0.26287657,0.23896898,0.37827516,0.5452715,0.32957903,0.35364985
112.jpg,0.37933034,0.87322354,0.9441066,0.7818864,0.24328445,0.63974464,0.08024232,0.35834143,0.6070507,0.38737231,0.24645203,0.75493985,0.8494049
113.jpg,0.71664464,0.7687325,0.937832,0.9307746,0.017435605,0.7952537,0.012415773,0.18216921,0.13131332,0.36995858,0.14160673,0.06487119,0.3024945
114.jpg,0.54863644,0.9665759,0.74301034,0.36968035,0.08164095,0.8179213,0.0044002947,0.35746107,0.29247984,0.62717307,0.18286233,0.85636866,0.4040869
115.jpg,0.6264101,0.9045911,0.5765816,0.1686829,0.08848051,0.88283795,0.003982125,0.22839908,0.45907947,0.65478265,0.09907232,0.91271156,0.66104823
116.jpg,0.63737863,0.92709494,0.89940226,0.26791045,0.2186148,0.59486914,0.15458167,0.54999423,0.059024572,0.6696537,0.62723416,0.8908729,0.28135392
117.jpg,0.6679037,0.6974316,0.37269628,0.941374,0.5057025,0.40375486,0.25962064,0.12790984,0.9062926,0.59399384,0.44504684,0.7856881,0.31773484
118.jpg,0.62348545,0.26559222,0.7666682,0.5489698,0.52993387,0.6194576,0.060219556,0.35125825,0.098083794,0.5665465,0.51101077,0.8040469,0.043060374
119.jpg,0.56812686,0.6069388,0.7020607,0.8920802,0.59592164,0.45475945,0.018737625,0.3546408,0.5864424,0.41700345,0.4180673,0.9061226,0.07684689
120.jpg,0.59664863,0.9453958,0.8167819,0.95385724,0.40702516,0.2925499,0.08923625,0.77486515,0.17487916,0.564961,0.6066143,0.8361545,0.15612575
121.jpg,0.690405,0.8614548,0.89558214,0.8304537,0.23743291,0.8354366,0.21055698,0.13835272,0.07607837,0.44775835,0.029036611,0.15404476,0.22324821
122.jpg,0.5712736,0.8503511,0.95148647,0.56753755,0.35225835,0.79342735,0.14871447,0.36389476,0.088066734,0.5242838,0.082087696,0.270004,0.54779553
123.jpg,0.63593036,0.9153661,0.92876536,0.6980145,0.2861829,0.59474206,0.3399438,0.36484584,0.0057729264,0.5341961,0.20312062,0.30464357,0.5452185
124.jpg,0.5806997,0.9528207,0.9556624,0.73980063,0.21283887,0.8527829,0.042227905,0.39190492,0.33418614,0.6445787,0.07031737,0.3229181,0.27703613
125.jpg,0.6155256,0.8107391,0.93047965,0.35960326,0.17638797,0.6578714,0.2492268,0.35436127,0.19333889,0.51487577,0.07256085,0.40915188,0.44012827
126.jpg,0.6473677,0.821576,0.93225193,0.8910098,0.18862972,0.8528559,0.08293553,0.24600069,0.23413052,0.50350446,0.12902485,0.23686256,0.70251805
127.jpg,0.66870326,0.90662795,0.9439507,0.3825297,0.11313801,0.7960698,0.09525112,0.33711892,0.524501,0.5313516,0.084807284,0.2765709,0.67262536
128.jpg,0.49199936,0.82672006,0.8925789,0.7635163,0.31028074,0.86949825,0.28126618,0.26510572,0.033896014,0.49590954,0.24158268,0.20792077,0.41590464
129.jpg,0.69065714,0.9020354,0.9003417,0.83773255,0.17921835,0.9029361,0.19548155,0.1575778,0.023180021,0.4386607,0.3704129,0.14905512,0.6659248
130.jpg,0.6477971,0.92807823,0.9766118,0.92452466,0.14025539,0.87853783,0.060463533,0.47393137,0.045945786,0.39346287,0.3820354,0.30742338,0.4591031
131.jpg,0.62955004,0.88744146,0.9057115,0.92647475,0.13620463,0.6240794,0.09771758,0.5465214,0.25404602,0.5673903,0.5449154,0.74038243,0.13781111
132.jpg,0.6008701,0.8465324,0.7893084,0.93925506,0.13266966,0.6253492,0.012201431,0.49013695,0.1364529,0.503123,0.33562362,0.52068645,0.2917766
133.jpg,0.720991,0.87648964,0.86803186,0.98912257,0.2947436,0.64346206,0.06839243,0.32734063,0.20061441,0.5594165,0.26458395,0.72652453,0.8790524
134.jpg,0.66809744,0.9264081,0.6783105,0.97064596,0.2986879,0.6776305,0.14037526,0.2900456,0.14343369,0.46275613,0.44022414,0.5766293,0.9038378
135.jpg,0.61852616,0.88529646,0.976168,0.8117122,0.19577932,0.7676002,0.09641726,0.554927,0.6088087,0.5090675,0.093902126,0.46295932,0.47561628
136.jpg,0.56902933,0.90650296,0.959915,0.979463,0.2925351,0.7377481,0.14582203,0.35297504,0.37620565,0.60971296,0.2996615,0.7392875,0.029982205
137.jpg,0.64610505,0.9169964,0.9836174,0.69755965,0.22410403,0.74120724,0.017478412,0.26082942,0.07293986,0.5798168,0.33652607,0.40427384,0.14478323
138.jpg,0.6735149,0.8271168,0.9175061,0.07249506,0.15191498,0.7793111,0.011890862,0.25102305,0.008372826,0.7189169,0.74900067,0.6881439,0.050893765
139.jpg,0.5846505,0.630287,0.9510452,0.13572657,0.36435714,0.7082258,0.0593383,0.050311487,0.0076188734,0.43370274,0.1826649,0.52792096,0.4356117
140.jpg,0.69662267,0.84344625,0.9553246,0.53779435,0.3331328,0.7128152,0.027421853,0.21839674,0.010543035,0.39780706,0.39675865,0.29620355,0.6134209
141.jpg,0.7506299,0.8703359,0.98072183,0.3994007,0.10332508,0.7385755,0.004230362,0.19914262,0.027127523,0.5827487,0.6524869,0.9224437,0.3219732
142.jpg,0.658138,0.72377473,0.7800855,0.29363033,0.19571295,0.8557885,0.019927368,0.11118626,0.0005741549,0.2915756,0.029662164,0.38763577,0.4894756
143.jpg,0.6599768,0.84970945,0.88674325,0.12882133,0.17472483,0.8633995,0.012723498,0.40125585,0.0041464204,0.41385883,0.38445932,0.54705906,0.6583347
144.jpg,0.5725632,0.9441848,0.89899427,0.91632867,0.3076153,0.38893166,0.0072639263,0.3110462,0.022544459,0.5795519,0.43834725,0.68690723,0.22069947
145.jpg,0.53153783,0.96606064,0.96600217,0.9860641,0.24210623,0.64414686,0.07274786,0.54454905,0.20053,0.44178662,0.22701618,0.24673375,0.6120742
146.jpg,0.5608684,0.8775632,0.8398052,0.99171525,0.29360244,0.559307,0.116362154,0.48751256,0.16154164,0.66488826,0.48551464,0.74736124,0.69238794
147.jpg,0.72034985,0.9307989,0.9346238,0.8877604,0.1950404,0.5435737,0.0077851466,0.33760053,0.3908874,0.38892984,0.68939894,0.28963593,0.34574053
148.jpg,0.5393349,0.9332856,0.93494374,0.8160647,0.076541916,0.82882565,0.10191456,0.343242,0.13121778,0.7343545,0.14586991,0.4689013,0.43618646
149.jpg,0.60737073,0.8412684,0.8250516,0.9941413,0.65104467,0.64705,0.15267909,0.57153374,0.14226773,0.6481591,0.43977058,0.635657,0.15554252
150.jpg,0.6979588,0.87787414,0.8761278,0.83587104,0.6154161,0.7347385,0.15726143,0.48098195,0.24614933,0.50860393,0.76641846,0.59324944,0.56176263
151.jpg,0.63459504,0.89524907,0.7772497,0.995025,0.6526702,0.67088735,0.14923836,0.6564284,0.80399597,0.6624607,0.6202823,0.5691353,0.4161695
152.jpg,0.6750358,0.9015904,0.6638569,0.9599349,0.20968059,0.60920614,0.05352867,0.354077,0.046750985,0.3907487,0.70380735,0.3823358,0.62807685
153.jpg,0.6154355,0.73614246,0.8643146,0.8391566,0.13201359,0.61134505,0.033076126,0.47012982,0.29080793,0.593635,0.8261294,0.46593088,0.51015043
154.jpg,0.56062055,0.95357144,0.9314139,0.97413933,0.26019886,0.520265,0.026775032,0.59805137,0.08946299,0.5895823,0.34708744,0.64058995,0.11402008
155.jpg,0.69178146,0.9153786,0.9686562,0.99262166,0.19107181,0.57342625,0.02148585,0.34127071,0.6007928,0.5040161,0.42737803,0.62275714,0.79879045
156.jpg,0.60298955,0.93504786,0.9396452,0.9931364,0.31308845,0.69187707,0.07833956,0.26582462,0.027797531,0.6014376,0.42328575,0.28809708,0.92112803
157.jpg,0.54833204,0.9309379,0.9628565,0.9987858,0.41537908,0.3656093,0.07049539,0.15986049,0.096691385,0.43421528,0.5211756,0.34821275,0.7539723
158.jpg,0.6211366,0.943978,0.90599865,0.99721366,0.46410406,0.48324522,0.091044076,0.16745585,0.016829552,0.5187338,0.35271063,0.50554466,0.5076002
159.jpg,0.6278632,0.93029195,0.97368705,0.971949,0.053942796,0.78458333,0.061729785,0.28557682,0.18581326,0.49979544,0.34935257,0.16083542,0.8745545
160.jpg,0.63831896,0.79972094,0.21300554,0.2856081,0.36383823,0.6524287,0.07390911,0.4384459,0.015397341,0.38887367,0.7892397,0.6968264,0.13923685
161.jpg,0.45920166,0.69788843,0.7674036,0.9758278,0.17592652,0.60203236,0.18636055,0.66405606,0.24849537,0.45736247,0.72119415,0.48545986,0.796885
162.jpg,0.57456934,0.9303305,0.88888246,0.60654354,0.32076043,0.7312998,0.11079864,0.81885564,0.36094406,0.5656586,0.1906896,0.7754373,0.65759
163.jpg,0.50718784,0.96876913,0.9632502,0.56880367,0.18161489,0.5788035,0.09396236,0.34960082,0.44601703,0.54415166,0.2505276,0.50447524,0.2703664
164.jpg,0.61824554,0.9705018,0.9837584,0.7177285,0.18650664,0.5734148,0.026604543,0.54409844,0.40465447,0.6490629,0.59873885,0.7957385,0.1655922
165.jpg,0.56500554,0.96461517,0.8970648,0.998218,0.17703284,0.3048828,0.09474246,0.3052686,0.03807987,0.43560886,0.68558466,0.37500346,0.93477863
166.jpg,0.5910925,0.9469617,0.9375845,0.896202,0.15913239,0.75715053,0.03628116,0.2719913,0.08941736,0.451425,0.24172984,0.30606484,0.2741851
167.jpg,0.4874611,0.9062049,0.9817577,0.6953718,0.16456719,0.49439716,0.006619417,0.54946923,0.41396064,0.6526698,0.36764422,0.76616913,0.061485153
168.jpg,0.6162618,0.9868181,0.935119,0.9479285,0.25496522,0.24170572,0.048410133,0.6915383,0.7970278,0.559184,0.48504755,0.7940551,0.28600854
169.jpg,0.59797865,0.955254,0.9625062,0.78028524,0.16240741,0.42914224,0.055283997,0.67216486,0.7247993,0.48877928,0.6695037,0.82819295,0.29167116
170.jpg,0.5933787,0.94902474,0.93178695,0.699757,0.30425444,0.52038395,0.14140294,0.7856044,0.60708165,0.6533883,0.53002626,0.94426465,0.04921462
171.jpg,0.6666197,0.96885556,0.9107877,0.99086374,0.3794269,0.46352562,0.371085,0.78399014,0.37681237,0.6135229,0.72630566,0.7759955,0.42268333
172.jpg,0.52030873,0.91976255,0.93815684,0.9490944,0.48242605,0.38850722,0.2630629,0.7293999,0.34835303,0.55014503,0.2400823,0.91962755,0.03726741
173.jpg,0.5057688,0.9309662,0.97322446,0.77024734,0.20582885,0.5224851,0.12982868,0.6142632,0.14776379,0.53891355,0.16356295,0.68666315,0.16577953
174.jpg,0.5467693,0.9460874,0.9187591,0.88032085,0.29242834,0.37586913,0.14036721,0.59830236,0.10504357,0.5774723,0.3081085,0.8056418,0.1394147
175.jpg,0.5351539,0.9199339,0.9523772,0.8459617,0.17260875,0.67817396,0.10953357,0.38751942,0.034163304,0.5761479,0.15907535,0.37206793,0.05642498
176.jpg,0.5551171,0.79863507,0.37926927,0.7462921,0.046761464,0.7635092,0.0038084774,0.3135386,0.11274646,0.7302843,0.21920657,0.9486006,0.8750993
177.jpg,0.5831521,0.9371165,0.9019608,0.978204,0.34931463,0.86318785,0.046016693,0.47558892,0.058982547,0.66302234,0.41823345,0.7263543,0.10950259
178.jpg,0.52937555,0.8179021,0.285889,0.9927497,0.5175252,0.44324598,0.15243483,0.3935596,0.41928232,0.4715291,0.65360874,0.52117777,0.9258006
179.jpg,0.47575232,0.8280257,0.84056234,0.97346354,0.15833594,0.66868293,0.19736543,0.66297185,0.14712441,0.70358366,0.1581482,0.75679296,0.19277209
180.jpg,0.4637381,0.97023475,0.81270844,0.4001474,0.08761483,0.6661967,0.017608628,0.44166192,0.07627245,0.46960124,0.1734935,0.17018291,0.12785678
181.jpg,0.5385775,0.78873384,0.8908231,0.38737252,0.14422888,0.82086366,0.083595045,0.5868216,0.20860039,0.72428024,0.3154622,0.7950999,0.008626071
182.jpg,0.5586539,0.92916626,0.6808293,0.7874347,0.16929922,0.641311,0.021801013,0.38121372,0.015047279,0.56002074,0.35884902,0.45894825,0.1302394
183.jpg,0.4192304,0.9180631,0.9361125,0.90117294,0.12707232,0.39536715,0.04968363,0.03449456,0.013793865,0.40092093,0.030316582,0.16418013,0.08264646
184.jpg,0.5848323,0.7973799,0.9448546,0.545325,0.04475143,0.7906641,0.020779774,0.20328309,0.35746872,0.48902187,0.3304676,0.26035586,0.13123149
185.jpg,0.43241256,0.846547,0.9255246,0.8799564,0.14207233,0.68981576,0.031003682,0.10663362,0.04570776,0.3820167,0.06993349,0.1368876,0.21648303
186.jpg,0.4994731,0.85155183,0.970247,0.98446953,0.19963403,0.55043155,0.049083766,0.097472675,0.46044385,0.50389594,0.18707031,0.24787824,0.26176304
187.jpg,0.6016671,0.7824673,0.92819756,0.9938006,0.12529525,0.7199945,0.21828003,0.20308265,0.017879585,0.35051757,0.5898576,0.37052765,0.81592196
188.jpg,0.6790087,0.7216317,0.8935949,0.87897235,0.27320063,0.6231084,0.060586628,0.5041832,0.11924139,0.47241822,0.5207172,0.94547224,0.15347047
189.jpg,0.56366885,0.9593918,0.7716249,0.86550575,0.59624654,0.45230627,0.073561296,0.16681851,0.05032694,0.6088557,0.62406176,0.8343388,0.58776194
190.jpg,0.7353697,0.9192218,0.95756406,0.8677167,0.2827057,0.80621016,0.06092682,0.35434625,0.7713539,0.47968575,0.15017883,0.26112112,0.100209445
191.jpg,0.54367757,0.88759464,0.9262178,0.63686603,0.19175093,0.41849753,0.03380922,0.45300192,0.14479977,0.6188009,0.36206338,0.62624854,0.05065719
192.jpg,0.5992085,0.91125214,0.9601044,0.60627675,0.14537014,0.73484373,0.06590409,0.17850766,0.17447221,0.4592244,0.17983755,0.2302783,0.1466986
193.jpg,0.7009466,0.929659,0.9294662,0.9671803,0.2827343,0.597334,0.07319667,0.1396541,0.0012735625,0.46177068,0.20659563,0.14141153,0.24582756
194.jpg,0.5740961,0.89350367,0.8647535,0.2496226,0.09208587,0.78437036,0.0483152,0.14537786,0.029253135,0.31977138,0.20979773,0.1354505,0.31328252
195.jpg,0.5984994,0.9283733,0.8872588,0.83575654,0.24222401,0.69114465,0.41176373,0.7447686,0.059522055,0.58582586,0.4910355,0.4525867,0.329821
196.jpg,0.6460174,0.8245519,0.7565466,0.8390171,0.69231296,0.44478166,0.8819405,0.6260235,0.7194422,0.6929438,0.81174666,0.77479994,0.15715088
197.jpg,0.65157294,0.95366144,0.96206033,0.9913051,0.24995396,0.5629052,0.031685323,0.38938123,0.18831079,0.4960273,0.43082425,0.53891826,0.31448895
198.jpg,0.73114705,0.8935219,0.548737,0.9651653,0.5400629,0.41395923,0.56143934,0.78904164,0.08737377,0.6698379,0.67058927,0.7360945,0.63741994
199.jpg,0.8501766,0.92761624,0.960982,0.9861099,0.74906874,0.49288416,0.6522027,0.8690408,0.036920812,0.78917485,0.95545805,0.4374475,0.73480994
200.jpg,0.63474053,0.84349936,0.82016355,0.9338217,0.39848322,0.3502256,0.5436226,0.17480859,0.31574506,0.67137986,0.8514163,0.87298834,0.21408364
201.jpg,0.52209795,0.88551813,0.95879996,0.96056366,0.2322843,0.35627383,0.06537605,0.18598574,0.47699955,0.6276883,0.7667978,0.59667325,0.12276467
202.jpg,0.72524387,0.96580416,0.9760434,0.8469472,0.24540365,0.6809285,0.036819857,0.697663,0.6371029,0.65184283,0.5860607,0.9186909,0.03268007
203.jpg,0.6957103,0.96347976,0.98528904,0.8662094,0.31805125,0.636924,0.023505582,0.7815028,0.36505762,0.6401923,0.7646981,0.94091105,0.018314978
204.jpg,0.76271904,0.9590749,0.974619,0.7102308,0.38192013,0.59911644,0.033680763,0.5561484,0.5227192,0.62982464,0.7199908,0.9232935,0.11558895
205.jpg,0.5251312,0.9178532,0.97035855,0.62921184,0.17823273,0.7764416,0.050675675,0.5451663,0.58076197,0.59317183,0.24679773,0.53034955,0.18670729
206.jpg,0.6712536,0.8402895,0.91653025,0.6317268,0.18808283,0.91753393,0.112200774,0.25600135,0.16965266,0.4714421,0.67885464,0.54278284,0.07049989
207.jpg,0.42338866,0.9552192,0.7783158,0.867121,0.3607182,0.2099149,0.22389334,0.13644087,0.0025610155,0.6379892,0.857761,0.9767594,0.003901892
208.jpg,0.71529394,0.9118548,0.87168425,0.98691535,0.37913188,0.15385322,0.006987872,0.32893664,0.0033272216,0.5486298,0.6308824,0.9099349,0.84434175
209.jpg,0.60025704,0.899957,0.95240295,0.9539987,0.14167607,0.76186615,0.02844162,0.22721638,0.24660562,0.4949109,0.3193502,0.35678145,0.04310952
210.jpg,0.577096,0.5408592,0.86529344,0.24877577,0.04561363,0.88294995,0.00083397736,0.3151841,0.020609424,0.7972297,0.5575444,0.9680623,0.13372855
211.jpg,0.6523305,0.9071079,0.9407663,0.9393936,0.14906214,0.86143017,0.025946604,0.10883483,0.011645176,0.39424196,0.18778622,0.09992689,0.5453103
212.jpg,0.5317594,0.69028836,0.47741497,0.95990634,0.57890064,0.70993966,0.41539806,0.23964082,0.005063012,0.57347524,0.60858065,0.8542174,0.66620845
213.jpg,0.72317165,0.85065323,0.87871236,0.98220265,0.086781375,0.39065698,0.21498838,0.27831522,0.0540507,0.48692384,0.30052623,0.5161277,0.7874147
214.jpg,0.6788328,0.882001,0.93939334,0.81452626,0.016497092,0.4969211,0.02023288,0.38313562,0.04337387,0.4506455,0.60598284,0.7028058,0.56135947
215.jpg,0.627436,0.93895113,0.89710486,0.71350646,0.11563955,0.74609107,0.025580043,0.80334705,0.0994381,0.67961925,0.7963467,0.92859715,0.5219823
216.jpg,0.6537623,0.9668983,0.6191176,0.85421056,0.3587676,0.55151236,0.022686366,0.8156039,0.5125921,0.6486298,0.68112516,0.73018414,0.9445647
217.jpg,0.40074775,0.9055469,0.673122,0.84167105,0.10838427,0.7750592,0.03710617,0.78344387,0.17900227,0.6549658,0.55978006,0.7775924,0.21834776
218.jpg,0.56967217,0.86189955,0.9617857,0.41589725,0.225734,0.800792,0.011474805,0.48958313,0.039905842,0.58305985,0.6678508,0.91678053,0.00570482
219.jpg,0.6605837,0.94332093,0.9828221,0.95639265,0.40538803,0.7095249,0.15507536,0.31266466,0.030230548,0.5561587,0.8720314,0.9314568,0.04324458
220.jpg,0.5701682,0.82512414,0.96755064,0.755569,0.33541802,0.6548191,0.020561622,0.30847377,0.3179836,0.5143655,0.51524645,0.8978277,0.009639632
221.jpg,0.5834773,0.87846553,0.9360302,0.596681,0.57606274,0.56142193,0.053922065,0.18038526,0.23902759,0.54620564,0.26731533,0.89601594,0.0032481553
222.jpg,0.5406366,0.8991421,0.9693319,0.42799526,0.1771386,0.45901856,0.029498486,0.06660167,0.108428694,0.5234591,0.39794964,0.7842752,0.0017444413
223.jpg,0.5270524,0.9490724,0.91312724,0.9408006,0.12955055,0.41144544,0.034332912,0.39098963,0.070817776,0.5501719,0.45434493,0.88359946,0.19848728
224.jpg,0.71960014,0.91924006,0.9373398,0.6554743,0.35482225,0.93544626,0.010865209,0.71662396,0.13138476,0.49339592,0.39118084,0.49675158,0.48683187
225.jpg,0.54592884,0.94560355,0.7598289,0.8695736,0.30058035,0.5129423,0.13035892,0.15975536,0.19509146,0.4899444,0.6315599,0.44372356,0.26113474
226.jpg,0.5530381,0.96934503,0.96129674,0.8786549,0.18994026,0.48753354,0.018269341,0.21710044,0.11038459,0.48312303,0.15670814,0.26962787,0.5418464
227.jpg,0.5717078,0.9753097,0.9644497,0.5903826,0.26822764,0.8027415,0.026439229,0.6413401,0.6612798,0.71684295,0.30162597,0.6444128,0.5094455
228.jpg,0.6529677,0.9263257,0.80259,0.8640018,0.5014043,0.3913539,0.035371855,0.58993185,0.009880872,0.59017617,0.5247317,0.877271,0.73248327
229.jpg,0.73581153,0.9322258,0.10372947,0.9666498,0.6102566,0.426173,0.20104101,0.445563,0.21782167,0.410067,0.47142407,0.9025781,0.9651852
230.jpg,0.5194999,0.8983729,0.8397125,0.92291236,0.4147442,0.6788609,0.40887475,0.095894605,0.014983942,0.43924695,0.20883508,0.650797,0.83725137
231.jpg,0.6409866,0.88607514,0.9603406,0.8940722,0.1554894,0.8019791,0.13853166,0.3941971,0.14647968,0.552224,0.050549813,0.23025092,0.4767783
232.jpg,0.69412047,0.9001935,0.9841723,0.8083888,0.109253995,0.76078314,0.022492966,0.3397106,0.34582898,0.70484847,0.49958584,0.44041756,0.13096827
233.jpg,0.6797989,0.94068867,0.9519745,0.8925826,0.16045055,0.737305,0.0037662026,0.25270197,0.024123175,0.4575419,0.1542595,0.36751676,0.5939148
234.jpg,0.6799821,0.9462932,0.93085796,0.7068041,0.22993128,0.55404425,0.047856793,0.14518149,0.06958014,0.39514282,0.17912874,0.63657576,0.2717708
235.jpg,0.48123503,0.9042849,0.722773,0.8930195,0.1414708,0.53602946,0.28988302,0.24904251,0.766793,0.47962984,0.31082326,0.64523715,0.9319993
236.jpg,0.6252985,0.61315763,0.9687798,0.8155559,0.32104722,0.6674479,0.0061438396,0.5263863,0.24006455,0.61395854,0.6994435,0.9394122,0.008984036
237.jpg,0.6433735,0.92947793,0.91391754,0.20221509,0.19120406,0.52163136,0.015109085,0.39188084,0.90620416,0.761938,0.6220982,0.9636077,0.0033232963
238.jpg,0.48614332,0.8149877,0.5566578,0.99524695,0.14064984,0.66527146,0.033039607,0.4713347,0.14881621,0.67804265,0.31473714,0.5365119,0.71917564
239.jpg,0.6749665,0.85091704,0.840076,0.9793743,0.3378729,0.24625337,0.23561141,0.16048986,0.10917457,0.6102051,0.53726494,0.4935614,0.91667885
240.jpg,0.55087495,0.957564,0.8329377,0.96173924,0.2121104,0.55069536,0.10136736,0.28519985,0.10402958,0.47927284,0.36488873,0.35227922,0.90148884
241.jpg,0.7148773,0.8351802,0.8224601,0.9794576,0.31334734,0.4791876,0.39172697,0.27350524,0.47207394,0.3848469,0.7225687,0.74432576,0.9496359
242.jpg,0.722053,0.8773786,0.7041004,0.99359965,0.25419965,0.4091274,0.07518383,0.42145115,0.22133212,0.5616757,0.2953498,0.46458438,0.9240393
243.jpg,0.6966168,0.8697879,0.84601206,0.97046137,0.42579547,0.4432257,0.3161321,0.1727563,0.026816167,0.6500532,0.42497516,0.29487228,0.9773276
244.jpg,0.7077419,0.7174198,0.70567054,0.953799,0.20825109,0.4879884,0.16797888,0.45327297,0.117915496,0.60605794,0.19690077,0.2805359,0.9601655
245.jpg,0.6463212,0.9459834,0.9066894,0.9761168,0.08274705,0.8694386,0.09436761,0.18115906,0.44323653,0.5114547,0.36135507,0.22782765,0.49381024
246.jpg,0.6017766,0.9459424,0.9715505,0.9006434,0.083098724,0.6366077,0.028348822,0.4937957,0.24635269,0.4331521,0.33328873,0.442653,0.5181157
247.jpg,0.59499764,0.96687025,0.8995879,0.6326344,0.060140263,0.54040825,0.04884781,0.51282364,0.97125655,0.5102134,0.36694014,0.7940892,0.38352472
248.jpg,0.4404481,0.9324171,0.91857964,0.7802105,0.19298247,0.50930274,0.026158437,0.1704159,0.25445467,0.6845761,0.6776072,0.6072056,0.1518139
249.jpg,0.6033655,0.9578899,0.86172223,0.822065,0.22465074,0.40475902,0.019482337,0.33553857,0.78535354,0.58175635,0.63908833,0.63553303,0.12407862
250.jpg,0.47230887,0.73612684,0.90821344,0.02988722,0.076032855,0.5700216,0.042251285,0.54685014,0.14944409,0.66345114,0.75960994,0.83208084,0.09140063
251.jpg,0.42494768,0.95487833,0.85127795,0.45896932,0.08202724,0.69964373,0.01220074,0.51369655,0.7940873,0.5612073,0.22709534,0.3382231,0.28400123
252.jpg,0.430149,0.94881254,0.93461657,0.42919546,0.20539922,0.46441457,0.04332309,0.6547203,0.07319254,0.4924713,0.8180797,0.7252834,0.12825109
253.jpg,0.37948754,0.9644697,0.9355407,0.2306939,0.1425193,0.57727337,0.008451835,0.33060837,0.5762344,0.5670815,0.076899886,0.58264923,0.37914807
254.jpg,0.5987332,0.8840138,0.9361781,0.6836054,0.11048803,0.511683,0.02916533,0.24852848,0.60816646,0.40905523,0.35260922,0.72879463,0.041879825
255.jpg,0.73189473,0.8924863,0.92480075,0.98639524,0.16586949,0.8411215,0.018002136,0.27915844,0.09380545,0.40199384,0.13555674,0.10118932,0.86217856
256.jpg,0.609116,0.9200194,0.73595256,0.91799814,0.18432549,0.6891487,0.1964121,0.21555045,0.091679044,0.41138956,0.06641247,0.14499651,0.7171297
257.jpg,0.558469,0.94751775,0.8718045,0.74046713,0.35291255,0.6694142,0.0064829052,0.23020767,0.15859513,0.23510136,0.548613,0.65542495,0.106399626
258.jpg,0.69027656,0.97492594,0.9271103,0.85203445,0.6251356,0.26558387,0.002123255,0.15632185,0.175869,0.2770988,0.7316093,0.71579796,0.07543646
259.jpg,0.53581053,0.6752641,0.6744694,0.0814247,0.69281006,0.26920384,0.07492688,0.37998396,0.34358066,0.54367,0.37445825,0.51317054,0.24657941
260.jpg,0.5139634,0.85268253,0.98793614,0.7699648,0.21972248,0.49173263,0.002676135,0.07731801,0.09283369,0.23043741,0.36046132,0.8774733,0.044858485
261.jpg,0.72632533,0.9380993,0.93466854,0.97776586,0.3723601,0.5344687,0.02616225,0.2625923,0.011643413,0.40166444,0.39285582,0.6873194,0.24505043
262.jpg,0.57051855,0.8981737,0.70688295,0.9931021,0.44575146,0.6377196,0.0797109,0.4028559,0.00096935156,0.43956947,0.22026725,0.53547305,0.62371176
263.jpg,0.4953231,0.84556913,0.6317676,0.6262512,0.43255323,0.62346715,0.5732879,0.3167394,0.0040655667,0.45680943,0.3679964,0.27304044,0.49157867
264.jpg,0.61290896,0.815322,0.6084419,0.93342847,0.38931704,0.63910896,0.670233,0.36782825,0.0024450796,0.5287311,0.2918775,0.6045779,0.4804399
265.jpg,0.5391164,0.84970355,0.88865197,0.75384855,0.23148745,0.6296112,0.37855533,0.52868026,0.01081194,0.71007335,0.25495362,0.44184726,0.31503278
266.jpg,0.64433396,0.84291613,0.7953925,0.98902845,0.7791571,0.7934145,0.7400691,0.5165226,0.00781448,0.49636632,0.33769885,0.5556003,0.8549077
267.jpg,0.45096827,0.70356816,0.7697601,0.987513,0.7281767,0.7248851,0.4193456,0.65498567,0.0065545724,0.6315457,0.1509157,0.5776031,0.27912217
268.jpg,0.67427504,0.9364079,0.94183785,0.6397378,0.19535291,0.63099474,0.09959638,0.22999714,0.03485116,0.59930676,0.32891518,0.9176568,0.20418318
269.jpg,0.5001158,0.93143696,0.8880783,0.9686073,0.5466271,0.6169721,0.44907457,0.5655225,0.047534347,0.64243156,0.437099,0.9173159,0.10276983
270.jpg,0.6340717,0.8116329,0.87273276,0.9403311,0.6167289,0.742314,0.5872586,0.53966445,0.014841016,0.36158553,0.51179856,0.8644211,0.15495716
271.jpg,0.6024753,0.94561017,0.94652575,0.9187484,0.23870768,0.8041771,0.014062835,0.25624248,0.20102601,0.46998894,0.19530481,0.2687489,0.38102633
272.jpg,0.5785691,0.9340365,0.9452076,0.66963136,0.18512002,0.80648804,0.0071691866,0.40147537,0.05947318,0.55326015,0.164767,0.5757867,0.358763
273.jpg,0.5200502,0.9522587,0.9647343,0.45559716,0.15785107,0.81606317,0.0067978664,0.32971412,0.2408114,0.34904417,0.06716567,0.20029925,0.24752103
274.jpg,0.58439696,0.9699242,0.96658486,0.94950014,0.29665604,0.49472186,0.046781782,0.5573134,0.17153691,0.58880025,0.6279628,0.67789525,0.1113412
275.jpg,0.53634536,0.9358494,0.87036055,0.5306809,0.24543245,0.70101374,0.106551245,0.48846236,0.6170605,0.62097406,0.074052125,0.25862154,0.6083814
276.jpg,0.5006261,0.8847361,0.9383142,0.84571344,0.22727415,0.55166054,0.047030516,0.5247036,0.320137,0.55800337,0.30459127,0.79895824,0.07290704
277.jpg,0.68699855,0.9276558,0.96655935,0.8981237,0.22371492,0.48658457,0.0074355523,0.38747597,0.7489831,0.6195248,0.65325826,0.7370218,0.09329281
278.jpg,0.4831883,0.9264398,0.8810085,0.69018924,0.12424113,0.68236995,0.042505443,0.54874223,0.3611874,0.28525782,0.59396696,0.42674452,0.754171
279.jpg,0.60944223,0.9441357,0.848834,0.96169966,0.11203503,0.64519984,0.10752018,0.7192103,0.20025113,0.5587152,0.5896945,0.8654267,0.5953784
280.jpg,0.5939709,0.85658944,0.8892257,0.8609801,0.089925446,0.51664996,0.013753492,0.635502,0.30698806,0.55310905,0.52023757,0.765014,0.6197496
281.jpg,0.5726878,0.8782258,0.9602781,0.99215186,0.21958321,0.80791897,0.05370385,0.5374084,0.061101086,0.41734824,0.81922525,0.4602903,0.92133605
282.jpg,0.49841735,0.95560247,0.97385806,0.82397074,0.11554869,0.6194088,0.021071224,0.336287,0.13176507,0.4286535,0.32901475,0.36808223,0.7346079
283.jpg,0.6189037,0.921936,0.7234528,0.92819625,0.60706,0.3878146,0.7555419,0.65008163,0.048994213,0.4673111,0.88454115,0.8748847,0.9408405
284.jpg,0.78942496,0.8983318,0.5373017,0.942238,0.2459648,0.32602602,0.5122956,0.25881487,0.059644107,0.77825755,0.51755756,0.3305191,0.9254609
285.jpg,0.5082347,0.9617272,0.9458624,0.95755744,0.27332166,0.31530324,0.028920658,0.32804236,0.13878891,0.63157296,0.46712855,0.58862776,0.5271192
286.jpg,0.5192142,0.75097215,0.73597217,0.7998831,0.4146787,0.21208155,0.28299567,0.2609491,0.110729046,0.4107535,0.1649374,0.9083372,0.051271398
287.jpg,0.5708188,0.9233703,0.8447785,0.44860178,0.12000135,0.61438066,0.16248865,0.66141474,0.85423464,0.577154,0.5247415,0.9069379,0.112812206
288.jpg,0.67102,0.9596586,0.9290158,0.9349923,0.3068894,0.46152157,0.021972753,0.6042133,0.9396614,0.6626093,0.6821609,0.80791646,0.68321
289.jpg,0.5711248,0.90816474,0.8802997,0.98692155,0.18698461,0.41081262,0.03742464,0.56234103,0.6262467,0.7672308,0.7283815,0.8153471,0.8804935
290.jpg,0.54683244,0.97372097,0.96985614,0.90890235,0.16421153,0.5180438,0.18113005,0.61574894,0.40477142,0.64789176,0.7906947,0.7178253,0.23993409
291.jpg,0.6669016,0.9041996,0.9728295,0.9755289,0.18877602,0.67470074,0.05374563,0.3399729,0.26088998,0.4551061,0.29048905,0.24918325,0.4531009
292.jpg,0.5838535,0.86943066,0.97212684,0.897304,0.21268536,0.80088294,0.11365786,0.49872854,0.03743055,0.41045186,0.38988677,0.50189805,0.62769914
293.jpg,0.52151686,0.94602257,0.9554859,0.9717844,0.2628169,0.823798,0.10489681,0.22956742,0.12918542,0.58530533,0.42967543,0.41678527,0.42551944
294.jpg,0.6025107,0.89466405,0.9698201,0.99710315,0.4250551,0.5394123,0.09164851,0.1679345,0.006261545,0.6136703,0.3189144,0.654396,0.73013
295.jpg,0.4889235,0.93436235,0.9763014,0.9938769,0.35829583,0.35557055,0.09309858,0.12739117,0.024586065,0.41904816,0.2657316,0.18755373,0.7597576
296.jpg,0.51881063,0.96087116,0.9881286,0.95156944,0.36299476,0.72085595,0.13726808,0.36060056,0.00884411,0.4739297,0.30666468,0.30569533,0.4055313
297.jpg,0.7284752,0.9417355,0.9787683,0.9802547,0.060170624,0.74731463,0.1111936,0.17003253,0.22465691,0.35063198,0.30266365,0.45992428,0.3888308
298.jpg,0.5592578,0.8916327,0.967867,0.962433,0.13357043,0.600225,0.0441584,0.5011103,0.16871767,0.36024043,0.42040458,0.27357385,0.59778976
299.jpg,0.53421485,0.9493846,0.84077257,0.59808457,0.4081194,0.77979475,0.122277245,0.4267079,0.13917354,0.40899324,0.59149235,0.7166865,0.072348535
300.jpg,0.64762676,0.98295194,0.9595207,0.8478049,0.24859512,0.43354696,0.07493938,0.6519877,0.33564425,0.47538033,0.6822395,0.6581105,0.46349308
301.jpg,0.57616985,0.92514247,0.9613038,0.9283665,0.31130826,0.5524786,0.016786844,0.47736427,0.098819636,0.66931605,0.72324055,0.8818555,0.14090107
302.jpg,0.70381194,0.8962546,0.95321614,0.617684,0.18614346,0.60644287,0.0127376905,0.38209304,0.11230969,0.58379716,0.44979334,0.82955503,0.045305863
303.jpg,0.7568267,0.7835285,0.89949304,0.6970346,0.37795854,0.82905835,0.073437646,0.66588724,0.14884816,0.52546656,0.35777786,0.79560244,0.29280162
304.jpg,0.5141035,0.9087693,0.90531546,0.26544103,0.10408715,0.86493725,0.06456013,0.35217437,0.091192156,0.6863419,0.116004914,0.37417972,0.40141782
305.jpg,0.7056135,0.8426469,0.9584125,0.9004272,0.56478006,0.75196993,0.043375093,0.79909855,0.24470127,0.66770524,0.5368486,0.79498273,0.19247338
306.jpg,0.59079075,0.96846986,0.95186496,0.95564926,0.31361908,0.23837994,0.030666672,0.71849644,0.111329876,0.5851278,0.9149541,0.83193725,0.41786665
307.jpg,0.48142952,0.9435477,0.98342335,0.40090096,0.10776485,0.55012494,0.006732874,0.542593,0.27989903,0.6353789,0.78400314,0.89006436,0.055583857
308.jpg,0.564015,0.94206285,0.9785472,0.9843465,0.5213781,0.32126325,0.20341748,0.46502018,0.101998486,0.59930056,0.77094287,0.9452916,0.030605301
309.jpg,0.49910024,0.9000917,0.90279627,0.715182,0.16497788,0.3545101,0.019923998,0.42880443,0.5096748,0.6657184,0.900043,0.87297726,0.54397684
310.jpg,0.727519,0.95988965,0.9641089,0.9874308,0.20603639,0.50656664,0.021600718,0.5317472,0.17530645,0.53213733,0.5599387,0.69106585,0.36621958
311.jpg,0.52689266,0.9466965,0.83988637,0.842659,0.22186577,0.4008025,0.012169116,0.14713737,0.01267931,0.4939099,0.7767746,0.8054459,0.01815526
312.jpg,0.54995626,0.97585684,0.9819886,0.95774007,0.35684228,0.40415737,0.020879341,0.3138809,0.08240226,0.5402669,0.16734287,0.5350519,0.32824865
313.jpg,0.48025563,0.9595902,0.8793778,0.94889987,0.27508277,0.7724651,0.016488833,0.21560644,0.28723586,0.46516258,0.5839121,0.34638622,0.55501455
314.jpg,0.6588474,0.80810285,0.9057404,0.8495815,0.30480865,0.5677461,0.050061554,0.25416425,0.24279197,0.52353096,0.5706905,0.7805002,0.018278683
315.jpg,0.6637922,0.6015983,0.8112599,0.9373292,0.4162258,0.65089476,0.08064477,0.42691368,0.43471038,0.69261456,0.5933707,0.929649,0.018645233
316.jpg,0.63831055,0.8233665,0.9369001,0.78207386,0.53364193,0.42856035,0.03471404,0.14739534,0.07700047,0.4520535,0.74746203,0.6282366,0.046026617
317.jpg,0.557691,0.9304325,0.94011915,0.5839709,0.23189965,0.55477154,0.06266922,0.42246926,0.20798421,0.62582004,0.49166116,0.89176464,0.008263962
318.jpg,0.38198158,0.95208645,0.79066676,0.8203437,0.250785,0.8095834,0.16871458,0.41545182,0.061469577,0.55364245,0.14451514,0.552235,0.7088107
319.jpg,0.5354963,0.93183666,0.97225577,0.72032124,0.16566718,0.50901264,0.0118526025,0.5552409,0.11070246,0.6279138,0.18049426,0.48255104,0.42056286
320.jpg,0.5378958,0.96826047,0.9691216,0.93430084,0.23224364,0.5645367,0.0528417,0.3877492,0.19194596,0.58677053,0.1709548,0.6504174,0.30418885
321.jpg,0.5084592,0.9272294,0.80622,0.87068886,0.20024106,0.4279093,0.055398572,0.419929,0.16609919,0.5333846,0.35910973,0.7396386,0.06474548
322.jpg,0.5261174,0.9660276,0.9493873,0.7187419,0.14993814,0.63214135,0.043255076,0.5489122,0.222354,0.58587146,0.37585276,0.6261686,0.09113077
323.jpg,0.5707328,0.96975636,0.9561484,0.7164072,0.17341682,0.3623866,0.0439266,0.6495665,0.117648534,0.5545668,0.32343626,0.58208066,0.29672888
324.jpg,0.5723736,0.95913684,0.96784055,0.9791364,0.21535395,0.5823477,0.07938404,0.42420423,0.17124721,0.5112405,0.24213457,0.41633102,0.39157227
325.jpg,0.58110905,0.95986044,0.8731127,0.99036,0.33644474,0.6145623,0.04858475,0.42384553,0.41288033,0.6597144,0.4439328,0.7894796,0.13527203
326.jpg,0.49601132,0.93825525,0.89514023,0.24614242,0.17570099,0.6055711,0.011677216,0.4680818,0.008227362,0.59670603,0.7666084,0.6654496,0.112517506
327.jpg,0.50637066,0.96731055,0.83935285,0.8366886,0.081241705,0.591503,0.012002984,0.35088542,0.041792706,0.25968608,0.5413828,0.23790208,0.9064163
328.jpg,0.64972883,0.9728431,0.7224379,0.98460835,0.28058922,0.32029063,0.19048434,0.7402701,0.42737082,0.5309009,0.9720989,0.53508985,0.89386964
329.jpg,0.6842189,0.9934309,0.9337574,0.9846465,0.14930812,0.27327222,0.00508733,0.5529075,0.8299263,0.54086703,0.9496374,0.6387297,0.78344566
330.jpg,0.74295896,0.97743815,0.21663171,0.9747217,0.10904424,0.33674714,0.1922011,0.522739,0.5505074,0.587456,0.945055,0.3860435,0.98992187
331.jpg,0.597969,0.9834976,0.84176385,0.9964742,0.24296346,0.12196389,0.051478177,0.6682218,0.07483727,0.32150805,0.98450065,0.47625875,0.84276086
332.jpg,0.6417978,0.9664456,0.80778563,0.6129579,0.107655324,0.44805244,0.0061965887,0.55462,0.9015224,0.40036514,0.712588,0.63592106,0.49554336
333.jpg,0.7469611,0.9632594,0.8254981,0.9975515,0.29106352,0.2645032,0.31999752,0.6236332,0.54296386,0.31928492,0.9815794,0.25270954,0.946633
334.jpg,0.7359038,0.9822581,0.83637726,0.9642904,0.38074434,0.42989165,0.0023937183,0.34249014,0.5262263,0.43158957,0.5531298,0.4881919,0.890309
335.jpg,0.5990512,0.9845387,0.84704024,0.96554005,0.30229998,0.2733561,0.061855562,0.4907981,0.2914545,0.42956585,0.8851517,0.73547655,0.897564
336.jpg,0.5974606,0.9749898,0.9548878,0.993476,0.16137482,0.41523853,0.08132125,0.16199593,0.26458916,0.5521072,0.74642956,0.38125443,0.7993733
337.jpg,0.5998741,0.9811038,0.56089234,0.93997365,0.30227098,0.4079409,0.0072360304,0.37443656,0.43031824,0.47070783,0.9231664,0.2327191,0.9613254
338.jpg,0.5948342,0.9496956,0.89462423,0.81682825,0.24338558,0.3357391,0.5416849,0.35573468,0.29119325,0.7020106,0.82606214,0.74059266,0.6503896
339.jpg,0.656741,0.952328,0.88708484,0.9271484,0.39412305,0.3611185,0.013649128,0.48028824,0.84654635,0.40473604,0.39574474,0.7913067,0.0879487
340.jpg,0.57827234,0.918541,0.80971026,0.949094,0.24369621,0.77146775,0.059893586,0.23092976,0.02777536,0.437107,0.26850513,0.33518335,0.34109107
341.jpg,0.6893567,0.93002367,0.96477693,0.9701779,0.061600212,0.8243957,0.053497173,0.3175482,0.3822385,0.5257051,0.38482925,0.31586745,0.6237091
342.jpg,0.6478078,0.7513566,0.891635,0.8033117,0.043115545,0.7231793,0.026249744,0.15211673,0.03350821,0.26114336,0.10133939,0.10896532,0.37488097
343.jpg,0.52919686,0.8636362,0.8886624,0.9339773,0.33984536,0.78792804,0.10205755,0.18158257,0.2708961,0.41703337,0.15135752,0.45519954,0.7093893
344.jpg,0.32334608,0.80391955,0.6569613,0.4587948,0.032360516,0.877294,0.024362132,0.24040748,0.08766013,0.35658407,0.1898399,0.08793975,0.35350403
345.jpg,0.6562169,0.8863691,0.9030652,0.7158859,0.30149096,0.5759011,0.16076452,0.3750987,0.55558383,0.35709512,0.42517397,0.5658831,0.03167725
346.jpg,0.47399488,0.8393517,0.67048186,0.97690237,0.2529504,0.39765263,0.05016006,0.4291004,0.00064695964,0.3800664,0.8932422,0.5057218,0.064521834
347.jpg,0.67345494,0.6177741,0.91241854,0.869876,0.19922614,0.5766614,0.04297973,0.49077046,0.6032411,0.5600125,0.72271055,0.8407518,0.12751198
348.jpg,0.35822323,0.6395767,0.33099324,0.70796835,0.4129294,0.84852076,0.2609386,0.29243368,0.0059267245,0.82165647,0.48949373,0.63244045,0.107926525
349.jpg,0.44142303,0.6782664,0.731913,0.71578616,0.44741267,0.52570987,0.024064548,0.17067559,0.09460636,0.61280966,0.5906199,0.85076964,0.09439762
350.jpg,0.6542278,0.9080595,0.96258944,0.44385937,0.2761084,0.62105894,0.019647969,0.18658552,0.013955724,0.33704644,0.1882619,0.86686593,0.20119728
351.jpg,0.49346128,0.9214363,0.9274543,0.9834737,0.30788186,0.70872307,0.048516646,0.29230246,0.014478941,0.3806827,0.3012181,0.16499297,0.8836177
352.jpg,0.7103868,0.757309,0.4472771,0.9841718,0.10853837,0.32922575,0.4096751,0.16401987,0.004567226,0.52234733,0.4194554,0.88572973,0.8758667
353.jpg,0.5826186,0.84149283,0.95507914,0.61379284,0.18204634,0.62745464,0.12822711,0.18299118,0.052166503,0.6326694,0.16980788,0.65854746,0.039618623
354.jpg,0.74169135,0.87457174,0.9106564,0.95698065,0.20908539,0.391662,0.12012205,0.2162969,0.000456752,0.38055143,0.51345617,0.5945885,0.37520018
355.jpg,0.64409745,0.9059192,0.9198581,0.8385187,0.09966549,0.43600422,0.08770506,0.21373211,0.017059809,0.20146872,0.27649015,0.8254626,0.077335976
356.jpg,0.56309503,0.9279483,0.8602875,0.9026679,0.8260705,0.6407639,0.7544842,0.28481877,0.016194468,0.4790203,0.733427,0.89386916,0.20434794
357.jpg,0.5243899,0.880005,0.79555154,0.70055366,0.11665872,0.5948393,0.026980393,0.35639638,0.0026796125,0.596617,0.4715003,0.75118613,0.17782818
358.jpg,0.66963893,0.89084417,0.94968945,0.89062804,0.1366238,0.46253088,0.34330687,0.21211804,0.0068355855,0.48918322,0.475509,0.71133476,0.17367093
359.jpg,0.5299797,0.7874343,0.6514523,0.8149695,0.0988802,0.87242484,0.21273726,0.19394837,0.060426652,0.4922215,0.07005983,0.6845732,0.5935221
360.jpg,0.6903357,0.57282263,0.8489573,0.82129,0.16579087,0.83676285,0.069384985,0.07564852,0.0019248695,0.36495194,0.047872268,0.15215215,0.4664193
361.jpg,0.6370806,0.87323534,0.9542758,0.9340066,0.13305914,0.8724094,0.046705466,0.3007837,0.57067204,0.516891,0.107283294,0.3271345,0.39892104
362.jpg,0.39366907,0.80924344,0.79382145,0.5251265,0.11408021,0.78821164,0.044358768,0.20551722,0.07766776,0.83840555,0.5877522,0.88918024,0.11443161
363.jpg,0.4578771,0.9236415,0.92425543,0.37332258,0.08034176,0.7914158,0.0737259,0.18410921,0.0051929164,0.42749757,0.07609211,0.24789548,0.61768854
364.jpg,0.5098316,0.95476085,0.9644033,0.83811826,0.062028505,0.630529,0.069660805,0.4552057,0.0315052,0.49760702,0.37852436,0.6280771,0.24734522
365.jpg,0.4980464,0.88864416,0.82845014,0.49314567,0.04130073,0.58028096,0.013480751,0.23297225,0.0013735953,0.4089407,0.34934434,0.38099688,0.6239356
366.jpg,0.5447792,0.86338204,0.8048475,0.6457007,0.06511855,0.5779153,0.029635578,0.123073116,0.013372853,0.38919848,0.13530348,0.41574758,0.79823995
367.jpg,0.49300623,0.92376214,0.9191061,0.713142,0.07598363,0.68337303,0.056656197,0.32766765,0.00014275558,0.53244126,0.22138636,0.2671454,0.8665613
368.jpg,0.39142025,0.9194098,0.96314603,0.8477047,0.09494559,0.703122,0.08629227,0.16634558,0.02366392,0.3907085,0.11888519,0.115527056,0.49142206
369.jpg,0.540998,0.9449788,0.79875165,0.8879258,0.36434147,0.4689158,0.05649606,0.33164907,0.053900763,0.38111994,0.12762396,0.5286648,0.8751011
370.jpg,0.6571062,0.9512886,0.89713806,0.8943962,0.0116786035,0.94641465,0.022733293,0.33672303,0.0041424157,0.727905,0.4442158,0.10081782,0.9881783
371.jpg,0.51931655,0.8954995,0.7901384,0.6675351,0.024136638,0.6182802,0.00626323,0.35326782,0.19319063,0.31101945,0.7506834,0.13836,0.97140074
372.jpg,0.42646903,0.9476352,0.6787791,0.45006052,0.3768923,0.6140919,0.14221373,0.21731155,0.054470785,0.36300293,0.6035732,0.13704924,0.91497034
373.jpg,0.42641747,0.9578955,0.76160485,0.7932691,0.2574931,0.3809897,0.05403968,0.5495138,0.30630553,0.4240933,0.4210835,0.4357184,0.61524296
374.jpg,0.42017856,0.97041255,0.5236784,0.77020484,0.35546523,0.65307117,0.10928416,0.43643698,0.06880415,0.25556692,0.54372627,0.33817145,0.7936013
375.jpg,0.41417417,0.96515834,0.9753118,0.4869662,0.24486998,0.79851323,0.07300469,0.30652398,0.07797347,0.43843576,0.065696396,0.7847978,0.21999809
376.jpg,0.31827158,0.9427403,0.98980343,0.82893175,0.6727654,0.4532328,0.06106758,0.7225255,0.024130013,0.44783974,0.008996925,0.33780357,0.39699903
377.jpg,0.37520957,0.94307935,0.9442166,0.7341102,0.18769866,0.5367329,0.046391834,0.24998578,0.000973401,0.37696037,0.09287385,0.08553315,0.27931985
378.jpg,0.466341,0.8975385,0.95980954,0.6922837,0.20498832,0.7653226,0.08258246,0.487133,0.12002191,0.37086958,0.030721633,0.5976081,0.36795315
379.jpg,0.5447356,0.8836888,0.9552067,0.78720284,0.20879222,0.33851156,0.025096927,0.23041998,0.0855706,0.45579442,0.28245166,0.89207417,0.093293376
380.jpg,0.53197306,0.93503284,0.66867197,0.29333192,0.34088102,0.6451114,0.15255353,0.27681786,0.026209187,0.57835305,0.8837895,0.74595255,0.2616768
381.jpg,0.7141661,0.93222934,0.8851659,0.5628416,0.11933496,0.7760831,0.0023267858,0.32078537,0.9233978,0.27688184,0.24718921,0.43697655,0.45070997
382.jpg,0.5178697,0.929381,0.8478738,0.8844025,0.21401574,0.82511944,0.024369387,0.39203835,0.061731827,0.52450144,0.32087016,0.55428904,0.64024717
383.jpg,0.5507952,0.79611075,0.7175953,0.75736415,0.106777795,0.855206,0.06650386,0.67231786,0.12754329,0.7320871,0.23248214,0.74876136,0.2183723
384.jpg,0.61615527,0.8791705,0.8132558,0.48312137,0.0945003,0.7317033,0.01776178,0.69474316,0.21970597,0.5474156,0.44366658,0.8409937,0.7453746
385.jpg,0.61377025,0.84512573,0.9011168,0.9416633,0.20573811,0.83515424,0.009567277,0.23795512,0.003761663,0.53663284,0.35043418,0.54491496,0.47060212
386.jpg,0.66872185,0.92884654,0.93704826,0.2795474,0.050600618,0.68832666,0.0062948223,0.559687,0.18478116,0.5809574,0.31174377,0.6795533,0.49320692
387.jpg,0.7697102,0.84264904,0.26698187,0.9151744,0.26184174,0.35150236,0.079233065,0.23941983,0.41209573,0.5299184,0.53150934,0.74556285,0.948329
388.jpg,0.2868996,0.8035513,0.44382665,0.5573096,0.12950042,0.7775192,0.09895833,0.08180189,0.009207512,0.6072652,0.16915482,0.19678627,0.027673675
389.jpg,0.58222127,0.96436024,0.9756866,0.9246815,0.25776178,0.5173068,0.02480568,0.387507,0.044189885,0.6094415,0.482316,0.85306364,0.014755778
390.jpg,0.5399352,0.8807445,0.9723413,0.73145044,0.15350989,0.566872,0.022888731,0.3033915,0.009712365,0.45607522,0.15336469,0.6268057,0.20661111
391.jpg,0.65637994,0.973854,0.9518653,0.25483218,0.12719126,0.36508012,0.028029336,0.57016236,0.009506413,0.3093649,0.6217457,0.52199924,0.70019114
392.jpg,0.6201466,0.96535784,0.960495,0.9048892,0.30222756,0.5718203,0.025427971,0.4397107,0.10738194,0.66960645,0.46325573,0.6588637,0.042925313
393.jpg,0.68239164,0.8814585,0.85413295,0.9139012,0.22181703,0.54933816,0.014206396,0.40290755,0.41258818,0.5496196,0.16981703,0.67770696,0.6606402
394.jpg,0.56595105,0.92750293,0.7021803,0.8674495,0.34559384,0.8030367,0.09628549,0.6362269,0.038281295,0.4340157,0.3412915,0.49792075,0.92506796
395.jpg,0.67319626,0.94742835,0.9132059,0.9397272,0.1858453,0.4522397,0.037815213,0.70871407,0.19514765,0.5311315,0.67867064,0.6244235,0.9683755
396.jpg,0.56790036,0.96833104,0.9460824,0.550542,0.17866574,0.7566455,0.031220956,0.8432839,0.23043758,0.49257332,0.6358056,0.5517294,0.86273474
397.jpg,0.5232153,0.9801633,0.92632884,0.9854336,0.37779012,0.5858869,0.069729075,0.52330065,0.6615128,0.527708,0.7527966,0.53245056,0.10836639
398.jpg,0.4582836,0.88209224,0.65998256,0.9533561,0.31051224,0.5406939,0.035145134,0.20459878,0.056872368,0.47962317,0.90531343,0.2701168,0.8790869
399.jpg,0.57632685,0.9684429,0.92045856,0.6888418,0.23269083,0.6116622,0.19859625,0.31333277,0.08559016,0.41090515,0.2378061,0.24640688,0.4828394
400.jpg,0.4922823,0.9044571,0.97207737,0.9713144,0.2741365,0.6416906,0.04043563,0.55742866,0.079558745,0.5690165,0.43825403,0.79658765,0.09254015
401.jpg,0.6233619,0.9123437,0.8082664,0.91222286,0.4374311,0.6823383,0.2306961,0.66649103,0.6349159,0.5107934,0.58703643,0.8018919,0.5132335
402.jpg,0.6336472,0.94926816,0.9619263,0.93663216,0.27802932,0.7173382,0.08242307,0.24457209,0.00867159,0.3942843,0.07095419,0.26680273,0.7043498
403.jpg,0.6497096,0.91739285,0.9718811,0.90228224,0.12457906,0.85451996,0.109576,0.28845358,0.055151533,0.4687564,0.14013125,0.17660546,0.6526534
404.jpg,0.5702481,0.70075524,0.9234174,0.6857351,0.09714922,0.5918262,0.06293286,0.6653647,0.15752287,0.46763635,0.52991486,0.5793249,0.70880544
405.jpg,0.56862473,0.7455341,0.8505772,0.9042006,0.5140337,0.36075974,0.02063722,0.576775,0.0014466074,0.2786617,0.5521414,0.27845737,0.102890015
406.jpg,0.5750006,0.93230176,0.98356265,0.8358293,0.30606928,0.42382804,0.24278094,0.7901061,0.4919517,0.7133655,0.5508693,0.94044685,0.04001487
407.jpg,0.7293564,0.92475325,0.97980267,0.9385377,0.12733002,0.78330547,0.029053798,0.35621065,0.04857483,0.4159962,0.42360055,0.14639778,0.30195352
408.jpg,0.67807925,0.9413193,0.8052074,0.9115983,0.12317062,0.60643816,0.078045085,0.69239485,0.62177527,0.39451414,0.8873624,0.36578763,0.66933125
409.jpg,0.63431686,0.90760285,0.92551565,0.58172524,0.15609446,0.73977655,0.09061518,0.6348898,0.84291655,0.52864176,0.11289155,0.41961965,0.26741415
410.jpg,0.69606954,0.8038437,0.9725151,0.73691636,0.15150641,0.79346555,0.06868327,0.6102618,0.47636268,0.47260574,0.3307705,0.47984,0.23494995
411.jpg,0.6095752,0.86015296,0.89581674,0.91494745,0.19188517,0.48070365,0.096534155,0.6409568,0.73975265,0.6431831,0.45141888,0.7988732,0.17039135
412.jpg,0.6230546,0.9559059,0.9586192,0.46390364,0.16897169,0.75372607,0.007288519,0.22555536,0.17361607,0.19558749,0.18171698,0.20942956,0.34776336
413.jpg,0.46884573,0.9331158,0.9504207,0.35340315,0.15334624,0.42784208,0.050018266,0.28405672,0.005435858,0.38186586,0.11643083,0.3948028,0.098301254
414.jpg,0.6330315,0.9323402,0.8339217,0.9174685,0.13320443,0.6158395,0.0058969352,0.44045848,0.0063315937,0.62192845,0.41444376,0.66905385,0.4796534
415.jpg,0.5930651,0.95547175,0.7769602,0.9356274,0.05691123,0.38490513,0.0017026634,0.44208318,0.027714549,0.36286843,0.41634282,0.4826689,0.8063665
416.jpg,0.37263408,0.8981228,0.6891935,0.43339354,0.035233174,0.67488617,0.16174841,0.7849473,0.0064040674,0.4888708,0.5661828,0.54592174,0.6705286
417.jpg,0.6008587,0.93341917,0.8583384,0.8572415,0.21472003,0.6606882,0.052090403,0.46412495,0.32210812,0.591605,0.32213855,0.80100715,0.84328264
418.jpg,0.5628726,0.9451469,0.19223738,0.9262524,0.45928505,0.5759221,0.59763545,0.6016333,0.033651847,0.61577696,0.55549246,0.6478374,0.9925079
419.jpg,0.4739813,0.968793,0.98546267,0.97712976,0.30155867,0.53325385,0.07754295,0.19196193,0.098399095,0.52512056,0.19901548,0.38411114,0.075565144
